[{"name": "pikachu", "hp": 100}, {"name": "guy", "hp": 120}, {"name": "brock", "hp": 106}, {"name": "misty", "hp": 100}]
[{"name": "pikachu", "max_hp": 100, "hp": 0, "moves": {"thunderbolt": {"dmg_value": 80, "description": "A strong electrical attack", "deviation": 10}, "slam": {"dmg_value": 70, "description": "Slams the foe with a tail, vine, etc.", "deviation": 30}, "Iron Tail": {"dmg_value": 70, "description": "The target is slammed with a steel-hard tail.", "deviation": 20}, "rest": {"dmg_value": -100, "description": "It takes a short rest and recovers hp", "deviation": 0}}}, {"name": "misty", "max_hp": 100, "hp": 0, "moves": {"punch": {"dmg_value": 30, "description": "An attack with a fist.", "deviation": 10}, "shove": {"dmg_value": 60, "description": "pushes the opponent over.", "deviation": 30}, "knife": {"dmg_value": 90, "description": "The target is stabbed.", "deviation": 40}, "painkillers": {"dmg_value": -50, "description": "It helps it ignore the pain.", "deviation": 0}}}]
